id;label;description;theme;date_start;date_end;place;place_details;adress;note
1;Réveillon du jour de l'an;fêtons le passage à l'an 2024 tous ensemble;jour de l'an;2023-12-31;2023-12-31;Plaisance du touch;Chez Flore et Youri;"";A organiser
2;Réveillon de Noël;noël 2023 en famille;noël;2023-12-24;2023-12-24;Leguevin;Chez papy et mamie;"";""
3;Anniversaire de Flore;repas tous ensemble;anniversaire;2024-03-14;2023-12-24;Toulouse;Chez Sandra;"";""
4;Anniversaire suprise de Jeff;suprise au restaurant;anniversaire;2024-05-05;2024-05-05;Albi;le pont du tarn;quelquefois  3 Rue de la Grand Côté, 81000 Albi;""
5;Sortie pour les enfants;se retrouver au parc d'attraction pour une journée avec les enfants;sortie;2024-04-18;2024-04-18;Toulouse;La Cité de l'espace;"";""
6;Week end à la neige;aérons-nous !;week end;2024-02-24;2024-02-5;Luchon;Luchon;"";""
7;Petit séjour à porto;visitons Porto entre filles !;entre filles;2024-06-08;2023-06-11;Porto;Porto;"";""
8;Balade et pique-nique en forêt;pour ceux que ca tente...;sortie;2023-07-10;2023-07-10;Pibrac;Fôret de Bouconne;"";""
